<?xml version="1.0" encoding="UTF-8"?>

<stores>
	<stores store_id="0" store_name="store_name 25" store_addr="광주 광산구 소촌로 60" store_tel="store_tel 25" store_open_dt="store_open_dt 25" store_close_dt="store_close_dt 25" store_card_yn="25" store_status="25" store_cate="기타" latitude="35.1496052" longitude="126.7937189"/>
	<stores store_id="0" store_name="store_name 02" store_addr="광주광역시 북구 면앙로32번길 18" store_tel="store_tel 02" store_open_dt="store_open_dt 02" store_close_dt="store_close_dt 02" store_card_yn="2" store_status="2" store_cate="타코야끼" latitude="35.1787224" longitude="126.9154606"/>
	<stores store_id="0" store_name="store_name 27" store_addr="광주 동구 황금동 46-1번지 2층" store_tel="store_tel 27" store_open_dt="store_open_dt 27" store_close_dt="store_close_dt 27" store_card_yn="27" store_status="27" store_cate="분식" latitude="35.1470588" longitude="126.9164877"/>
	<stores store_id="0" store_name="store_name 03" store_addr="광주광역시 북구 효산로 26 1층" store_tel="store_tel 03" store_open_dt="store_open_dt 03" store_close_dt="store_close_dt 03" store_card_yn="3" store_status="3" store_cate="붕어빵" latitude="35.1827129" longitude="126.9131535"/>
	<stores store_id="0" store_name="store_name 04" store_addr="광주광역시 북구 두암동 574-1" store_tel="store_tel 04" store_open_dt="store_open_dt 04" store_close_dt="store_close_dt 04" store_card_yn="4" store_status="4" store_cate="붕어빵" latitude="35.1786654" longitude="126.9296236"/>
	<stores store_id="0" store_name="store_name 15" store_addr="광주광역시 동구 산수동 540-18" store_tel="store_tel 15" store_open_dt="store_open_dt 15" store_close_dt="store_close_dt 15" store_card_yn="15" store_status="15" store_cate="분식" latitude="35.1554572" longitude="126.9313282"/>
	<stores store_id="0" store_name="store_name 26" store_addr="광주 광산구 수완로 10번길94 1층" store_tel="store_tel 26" store_open_dt="store_open_dt 26" store_close_dt="store_close_dt 26" store_card_yn="26" store_status="26" store_cate="타꼬야끼" latitude="35.187875" longitude="126.8318978"/>
	<stores store_id="0" store_name="store_name 28" store_addr="광주광역시 동구 황금동 79-4번지" store_tel="store_tel 28" store_open_dt="store_open_dt 28" store_close_dt="store_close_dt 28" store_card_yn="28" store_status="28" store_cate="호떡" latitude="35.1462169" longitude="126.9170882"/>
	<stores store_id="0" store_name="store_name 05" store_addr="광주광역시 서구 치평동 1184-3" store_tel="store_tel 05" store_open_dt="store_open_dt 05" store_close_dt="store_close_dt 05" store_card_yn="5" store_status="5" store_cate="타코야끼" latitude="35.1540599" longitude="126.8478153"/>
	<stores store_id="0" store_name="store_name 29" store_addr="광주광역시 동구  광산동 79-8번지" store_tel="store_tel 29" store_open_dt="store_open_dt 29" store_close_dt="store_close_dt 29" store_card_yn="29" store_status="29" store_cate="붕어빵" latitude="35.1460809" longitude="126.9179086"/>
	<stores store_id="0" store_name="store_name 30" store_addr="광주광역시 서구 풍암동 1157-2" store_tel="store_tel 30" store_open_dt="store_open_dt 30" store_close_dt="store_close_dt 30" store_card_yn="30" store_status="30" store_cate="타코야끼" latitude="35.128238" longitude="126.8850967"/>
	<stores store_id="0" store_name="store_name 31" store_addr="광주광역시 서구 풍암동 943번지 1층" store_tel="store_tel 31" store_open_dt="store_open_dt 31" store_close_dt="store_close_dt 31" store_card_yn="31" store_status="31" store_cate="타코야끼" latitude="35.1236954" longitude="126.8648446"/>
	<stores store_id="0" store_name="store_name 32" store_addr="광주광역시 서구 풍암동 1071-3" store_tel="store_tel 32" store_open_dt="store_open_dt 32" store_close_dt="store_close_dt 32" store_card_yn="32" store_status="32" store_cate="분식" latitude="35.1231417" longitude="126.8834459"/>
	<stores store_id="0" store_name="store_name 33" store_addr="광주광역시 북구 운암동 451-8번지 1층" store_tel="store_tel 33" store_open_dt="store_open_dt 33" store_close_dt="store_close_dt 33" store_card_yn="33" store_status="33" store_cate="호떡" latitude="35.1728265" longitude="126.8842029"/>
	<stores store_id="0" store_name="store_name 34" store_addr="광주광역시 서구 광천동 무진대로 904" store_tel="store_tel 34" store_open_dt="store_open_dt 34" store_close_dt="store_close_dt 34" store_card_yn="34" store_status="34" store_cate="붕어빵" latitude="35.1597624" longitude="126.8803477"/>
	<stores store_id="0" store_name="store_name 35" store_addr="광주 서구 광천동 49-1" store_tel="store_tel 35" store_open_dt="store_open_dt 35" store_close_dt="store_close_dt 35" store_card_yn="35" store_status="35" store_cate="타코야끼" latitude="35.1597624" longitude="126.8803477"/>
	<stores store_id="0" store_name="store_name 36" store_addr="광주광역시 동구 제봉로110번길 5-1" store_tel="store_tel 36" store_open_dt="store_open_dt 36" store_close_dt="store_close_dt 36" store_card_yn="36" store_status="36" store_cate="기타" latitude="35.1486193" longitude="126.9225754"/>
	<stores store_id="0" store_name="store_name 37" store_addr="광주광역시 남구 봉선1동 봉선로 21" store_tel="store_tel 37" store_open_dt="store_open_dt 37" store_close_dt="store_close_dt 37" store_card_yn="37" store_status="37" store_cate="붕어빵" latitude="35.1302998" longitude="126.9111244"/>
	<stores store_id="0" store_name="store_name 38" store_addr="광주광역시 남구 주월1동 1254-17" store_tel="store_tel 38" store_open_dt="store_open_dt 38" store_close_dt="store_close_dt 38" store_card_yn="38" store_status="38" store_cate="호떡" latitude="35.1334321" longitude="126.909602"/>
	<stores store_id="0" store_name="store_name 39" store_addr="광주광역시 남구 월산동 월산로116번길 22" store_tel="store_tel 39" store_open_dt="store_open_dt 39" store_close_dt="store_close_dt 39" store_card_yn="39" store_status="39" store_cate="붕어빵" latitude="35.1483764" longitude="126.9000557"/>
	<stores store_id="0" store_name="store_name 40" store_addr="광주광역시 북구 용두동 282-7" store_tel="store_tel 40" store_open_dt="store_open_dt 40" store_close_dt="store_close_dt 40" store_card_yn="40" store_status="40" store_cate="타코야끼" latitude="35.2135418" longitude="126.8755449"/>
	<stores store_id="0" store_name="store_name 41" store_addr="광주광역시 서구 풍암동 1076-6번지 1층" store_tel="store_tel 41" store_open_dt="store_open_dt 41" store_close_dt="store_close_dt 41" store_card_yn="41" store_status="41" store_cate="분식" latitude="35.1237666" longitude="126.8833749"/>
	<stores store_id="0" store_name="store_name 42" store_addr="광주광역시 광산구 송정2동 820-5" store_tel="store_tel 42" store_open_dt="store_open_dt 42" store_close_dt="store_close_dt 42" store_card_yn="42" store_status="42" store_cate="붕어빵" latitude="35.1386818" longitude="126.7963776"/>
	<stores store_id="0" store_name="store_name 43" store_addr="광주광역시 북구 운암1동 368-2" store_tel="store_tel 43" store_open_dt="store_open_dt 43" store_close_dt="store_close_dt 43" store_card_yn="43" store_status="43" store_cate="분식" latitude="35.1769788" longitude="126.8757742"/>
	<stores store_id="0" store_name="store_name 44" store_addr="광주광역시 동구 황금동 57 2층" store_tel="store_tel 44" store_open_dt="store_open_dt 44" store_close_dt="store_close_dt 44" store_card_yn="44" store_status="44" store_cate="호떡" latitude="35.1469972" longitude="126.9157477"/>
	<stores store_id="0" store_name="store_name 06" store_addr="광주광역시 북구 용봉동 1129-1" store_tel="store_tel 06" store_open_dt="store_open_dt 06" store_close_dt="store_close_dt 06" store_card_yn="6" store_status="6" store_cate="기타" latitude="35.1861336" longitude="126.8980902"/>
	<stores store_id="0" store_name="store_name 07" store_addr="광주광역시 남구 백운동 604-14" store_tel="store_tel 07" store_open_dt="store_open_dt 07" store_close_dt="store_close_dt 07" store_card_yn="7" store_status="7" store_cate="분식" latitude="35.1379639" longitude="126.9064625"/>
	<stores store_id="0" store_name="store_name 08" store_addr="광주광역시 남구 백운동 603-35" store_tel="store_tel 08" store_open_dt="store_open_dt 08" store_close_dt="store_close_dt 08" store_card_yn="8" store_status="8" store_cate="호떡" latitude="35.1368114" longitude="126.9066074"/>
	<stores store_id="0" store_name="store_name 09" store_addr="광주광역시 남구 봉선동 1114-3" store_tel="store_tel 09" store_open_dt="store_open_dt 09" store_close_dt="store_close_dt 09" store_card_yn="9" store_status="9" store_cate="붕어빵" latitude="35.1230996" longitude="126.9123534"/>
	<stores store_id="0" store_name="store_name 10" store_addr="광주광역시 남구 봉선동 1018-11" store_tel="store_tel 10" store_open_dt="store_open_dt 10" store_close_dt="store_close_dt 10" store_card_yn="10" store_status="10" store_cate="타코야끼" latitude="35.1306699" longitude="126.9127702"/>
	<stores store_id="0" store_name="store_name 11" store_addr="광주광역시 남구 방림동 464-26" store_tel="store_tel 11" store_open_dt="store_open_dt 11" store_close_dt="store_close_dt 11" store_card_yn="11" store_status="11" store_cate="분식" latitude="35.1316349" longitude="126.9178738"/>
	<stores store_id="0" store_name="store_name 12" store_addr="광주광역시 동구 동명동 11-14" store_tel="store_tel 12" store_open_dt="store_open_dt 12" store_close_dt="store_close_dt 12" store_card_yn="12" store_status="12" store_cate="호떡" latitude="35.149432" longitude="126.9287401"/>
	<stores store_id="0" store_name="store_name 13" store_addr="광주광역시 동구 지산동 722-37" store_tel="store_tel 13" store_open_dt="store_open_dt 13" store_close_dt="store_close_dt 13" store_card_yn="13" store_status="13" store_cate="호떡" latitude="35.1510974" longitude="126.9288961"/>
	<stores store_id="0" store_name="store_name 14" store_addr="광주광역시 동구 산수동 522-1" store_tel="store_tel 14" store_open_dt="store_open_dt 14" store_close_dt="store_close_dt 14" store_card_yn="14" store_status="14" store_cate="붕어빵" latitude="35.1547563" longitude="126.9325984"/>
	<stores store_id="0" store_name="store_name 16" store_addr="광주광역시 동구 산수동 539-30" store_tel="store_tel 16" store_open_dt="store_open_dt 16" store_close_dt="store_close_dt 16" store_card_yn="16" store_status="16" store_cate="붕어빵" latitude="35.1569206" longitude="126.9317832"/>
	<stores store_id="0" store_name="store_name 17" store_addr="광주광역시 서구 금호동 747-6" store_tel="store_tel 17" store_open_dt="store_open_dt 17" store_close_dt="store_close_dt 17" store_card_yn="17" store_status="17" store_cate="기타" latitude="35.1351711" longitude="126.857575"/>
	<stores store_id="0" store_name="store_name 18" store_addr="광주 서구 금화로115번길 9" store_tel="store_tel 18" store_open_dt="store_open_dt 18" store_close_dt="store_close_dt 18" store_card_yn="18" store_status="18" store_cate="타코야끼" latitude="35.1335878" longitude="126.8603995"/>
	<stores store_id="0" store_name="store_name 19" store_addr="광주광역시 서구 금호동 239-8" store_tel="store_tel 19" store_open_dt="store_open_dt 19" store_close_dt="store_close_dt 19" store_card_yn="19" store_status="19" store_cate="분식" latitude="35.1304907" longitude="126.8550422"/>
	<stores store_id="0" store_name="store_name 20" store_addr="광주 서구 화개1로 31" store_tel="store_tel 20" store_open_dt="store_open_dt 20" store_close_dt="store_close_dt 20" store_card_yn="20" store_status="20" store_cate="호떡" latitude="35.126458" longitude="126.854673"/>
	<stores store_id="0" store_name="store_name 21" store_addr="광주광역시 광산구 선암동 567" store_tel="store_tel 21" store_open_dt="store_open_dt 21" store_close_dt="store_close_dt 21" store_card_yn="21" store_status="21" store_cate="붕어빵" latitude="35.145817" longitude="126.7783542"/>
	<stores store_id="0" store_name="store_name 45" store_addr="광주광역시 광산구 송정동 831-21" store_tel="store_tel 45" store_open_dt="store_open_dt 45" store_close_dt="store_close_dt 45" store_card_yn="45" store_status="45" store_cate="붕어빵" latitude="35.1398535" longitude="126.7943786"/>
	<stores store_id="0" store_name="store_name 50" store_addr="광주광역시 서구 광천동 636-8" store_tel="store_tel 50" store_open_dt="store_open_dt 50" store_close_dt="store_close_dt 50" store_card_yn="50" store_status="50" store_cate="분식" latitude="35.1653544" longitude="126.8822776"/>
	<stores store_id="0" store_name="store_name 46" store_addr="광주광역시 광산구 운남동 787-5" store_tel="store_tel 46" store_open_dt="store_open_dt 46" store_close_dt="store_close_dt 46" store_card_yn="46" store_status="46" store_cate="호떡" latitude="35.1745515" longitude="126.814069"/>
	<stores store_id="0" store_name="store_name 47" store_addr="광주광역시 광산구 장신로19번안길 23" store_tel="store_tel 47" store_open_dt="store_open_dt 47" store_close_dt="store_close_dt 47" store_card_yn="47" store_status="47" store_cate="호떡" latitude="35.1914468" longitude="126.8131494"/>
	<stores store_id="0" store_name="store_name 48" store_addr="광주광역시 남구 봉선동 178-40" store_tel="store_tel 48" store_open_dt="store_open_dt 48" store_close_dt="store_close_dt 48" store_card_yn="48" store_status="48" store_cate="붕어빵" latitude="35.1268892" longitude="126.9176765"/>
	<stores store_id="0" store_name="store_name 1" store_addr="광주 북구 용봉택지로 25" store_tel="store_tel 1" store_open_dt="store_open_dt 1" store_close_dt="store_close_dt 1" store_card_yn="1" store_status="1" store_cate="붕어빵" latitude="35.1790391" longitude="126.8893263"/>
	<stores store_id="0" store_name="store_name 49" store_addr="광주광역시 광산구 평동 평동로 421" store_tel="store_tel 49" store_open_dt="store_open_dt 49" store_close_dt="store_close_dt 49" store_card_yn="49" store_status="49" store_cate="타코야끼" latitude="35.1229597" longitude="126.7224635"/>
	<stores store_id="9" store_name="마싯따코야끼" store_addr="광주 동구 예술길 2" store_tel="01000000000" store_open_dt="09:00" store_close_dt="18:00" store_card_yn="1" store_status="0" store_cate="타코야끼" latitude="35.1513252272552" longitude="126.91705051963"/>
	<stores store_id="11" store_name="떠뽀끼" store_addr="제주특별자치도 제주시 가령골길 1" store_tel="010-0000-0000" store_open_dt="오전 11시쯤" store_close_dt="오후 11시쯤" store_card_yn="0" store_status="0" store_cate="분식류" latitude="33.5058859316727" longitude="126.540234055807"/>
	<stores store_id="15" store_name="불타는붕어빵" store_addr="광주 동구 서석로 85" store_tel="01000000000" store_open_dt="09:00" store_close_dt="18:00" store_card_yn="1" store_status="0" store_cate="붕어빵" latitude="35.149535167734" longitude="126.920750791945"/>
	<stores store_id="17" store_name="떠뽀끼" store_addr="제주특별자치도 서귀포시 가가로 14" store_tel="010-0000-0000" store_open_dt="오전 11시쯤" store_close_dt="오후 11시쯤" store_card_yn="0" store_status="0" store_cate="분식류" latitude="33.2700064530738" longitude="126.375422332008"/>
</stores>
